batch_size,dropout,n_layers,units,best_val_loss,epochs_trained,final_train_loss,final_val_loss
32,0.2,1,32,0.08459656685590744,100,0.12729349732398987,0.08736379444599152
32,0.2,1,64,0.10014168173074722,39,0.12066981196403503,0.11353033035993576
32,0.2,2,32,0.10416050255298615,100,0.13030870258808136,0.1194428950548172
32,0.2,2,64,0.08274716883897781,76,0.10023068636655807,0.09239571541547775
32,0.5,1,32,0.1688907891511917,21,0.2424049824476242,0.18879295885562897
32,0.5,1,64,0.16515395045280457,17,0.20319508016109467,0.17283113300800323
32,0.5,2,32,0.19352592527866364,42,0.24380306899547577,0.1969807744026184
32,0.5,2,64,0.18775925040245056,22,0.21358339488506317,0.1955246776342392
