batch_size,dropout,n_layers,units,best_val_loss,epochs_trained,final_train_loss,final_val_loss
32,0.2,1,32,0.102237768471241,48,0.14243267476558685,0.1028706431388855
32,0.2,1,64,0.08262134343385696,50,0.11639875173568726,0.08933527767658234
32,0.2,2,32,0.10708639025688171,63,0.1372745931148529,0.11142698675394058
32,0.2,2,64,0.097002312541008,75,0.10366339236497879,0.11044792085886002
32,0.5,1,32,0.17131416499614716,24,0.2411680370569229,0.1949261724948883
32,0.5,1,64,0.17042681574821472,14,0.21407893300056458,0.1899045705795288
32,0.5,2,32,0.18912208080291748,51,0.24022126197814941,0.20351900160312653
32,0.5,2,64,0.1716957688331604,38,0.1942657232284546,0.17441467940807343
