{
  "config_name": "90n_7n",
  "model_type": "LSTM",
  "best_params": {
    "batch_size": 32,
    "dropout": 0.2,
    "n_layers": 1,
    "units": 64
  },
  "best_val_loss": 0.08262134343385696,
  "train_metrics": {
    "MAE": 0.0971532867387653,
    "MSE": 0.029211647171691044,
    "RMSE": 0.1709141514670188,
    "R2": 0.916027404187198
  },
  "test_metrics": {
    "MAE": 0.21321543394683318,
    "MSE": 0.12323881142274773,
    "RMSE": 0.3510538582934928,
    "R2": 0.6243877387550735
  },
  "grid_summary": {
    "total_combinations": 8,
    "successful_combinations": 8,
    "best_val_loss": 0.08262134343385696,
    "worst_val_loss": 0.18912208080291748,
    "mean_val_loss": 0.13643833063542843,
    "std_val_loss": 0.04011372569571021,
    "val_loss_range": 0.10650073736906052,
    "avg_training_time": 0.0,
    "total_training_time": 0.0
  },
  "data_shapes": {
    "X_train": [
      7351,
      90,
      6
    ],
    "X_test": [
      1766,
      90,
      6
    ],
    "y_train": [
      7351
    ],
    "y_test": [
      1766
    ]
  },
  "model_params": {
    "total_params": 18241,
    "trainable_params": 18241
  },
  "grid_search_combinations": 8,
  "training_epochs": 100,
  "trained_at": "2025-10-04T02:52:43.336843",
  "random_seed": 28112001
}