batch_size,dropout,n_layers,units,best_val_loss,epochs_trained,final_train_loss,final_val_loss
32,0.2,1,32,0.15877754986286163,86,0.1310943216085434,0.16213445365428925
32,0.2,1,64,0.19742007553577423,27,0.1389646828174591,0.22111253440380096
32,0.2,2,32,0.13942842185497284,76,0.1512029618024826,0.14415036141872406
32,0.2,2,64,0.1613854616880417,37,0.13286970555782318,0.16423340141773224
32,0.5,1,32,0.2015298753976822,42,0.2778240144252777,0.2021954506635666
32,0.5,1,64,0.19948872923851013,23,0.2536603808403015,0.23974129557609558
32,0.5,2,32,0.17252415418624878,42,0.3232673704624176,0.17452961206436157
32,0.5,2,64,0.17291225492954254,27,0.2755875587463379,0.18739649653434753
