{
  "config_name": "7n_1n",
  "model_type": "LSTM",
  "best_params": {
    "batch_size": 32,
    "dropout": 0.2,
    "n_layers": 2,
    "units": 32
  },
  "best_val_loss": 0.13942842185497284,
  "train_metrics": {
    "MAE": 0.11552993127530184,
    "MSE": 0.04443136478715445,
    "RMSE": 0.21078748726419802,
    "R2": 0.8721051271972708
  },
  "test_metrics": {
    "MAE": 0.34298523217979177,
    "MSE": 0.2970856294024959,
    "RMSE": 0.5450556204668436,
    "R2": 0.11617258735286895
  },
  "grid_summary": {
    "total_combinations": 8,
    "successful_combinations": 8,
    "best_val_loss": 0.13942842185497284,
    "worst_val_loss": 0.2015298753976822,
    "mean_val_loss": 0.17543331533670425,
    "std_val_loss": 0.02100309216376075,
    "val_loss_range": 0.06210145354270935,
    "avg_training_time": 0.0,
    "total_training_time": 0.0
  },
  "data_shapes": {
    "X_train": [
      7440,
      7,
      6
    ],
    "X_test": [
      1855,
      7,
      6
    ],
    "y_train": [
      7440
    ],
    "y_test": [
      1855
    ]
  },
  "model_params": {
    "total_params": 13345,
    "trainable_params": 13345
  },
  "grid_search_combinations": 8,
  "training_epochs": 31,
  "trained_at": "2025-10-03T23:12:30.353156",
  "random_seed": 28112001
}