batch_size,dropout,n_layers,units,best_val_loss,epochs_trained,final_train_loss,final_val_loss
32,0.2,1,32,0.18277829885482788,73,0.27263644337654114,0.18443532288074493
32,0.2,1,64,0.1801881492137909,38,0.25020065903663635,0.18809062242507935
32,0.2,2,32,0.16428206861019135,77,0.22699539363384247,0.18096642196178436
32,0.2,2,64,0.1547965109348297,40,0.20045533776283264,0.17004060745239258
32,0.5,1,32,0.3297145962715149,50,0.5106971859931946,0.3567641079425812
32,0.5,1,64,0.16584210097789764,54,0.3119179904460907,0.16731348633766174
32,0.5,2,32,0.19251780211925507,100,0.3755437433719635,0.2010173499584198
32,0.5,2,64,0.16802312433719635,61,0.2823900580406189,0.2061585783958435
