{
  "config_name": "90n_30n",
  "model_type": "LSTM",
  "best_params": {
    "batch_size": 32,
    "dropout": 0.2,
    "n_layers": 2,
    "units": 64
  },
  "best_val_loss": 0.1547965109348297,
  "train_metrics": {
    "MAE": 0.15118264752777516,
    "MSE": 0.056174788416332604,
    "RMSE": 0.2370122115342005,
    "R2": 0.8383998608568837
  },
  "test_metrics": {
    "MAE": 0.34896856345147026,
    "MSE": 0.2679958918130404,
    "RMSE": 0.5176831963788668,
    "R2": 0.17881161500347875
  },
  "grid_summary": {
    "total_combinations": 8,
    "successful_combinations": 8,
    "best_val_loss": 0.1547965109348297,
    "worst_val_loss": 0.3297145962715149,
    "mean_val_loss": 0.19226783141493797,
    "std_val_loss": 0.05315199130075631,
    "val_loss_range": 0.17491808533668518,
    "avg_training_time": 0.0,
    "total_training_time": 0.0
  },
  "data_shapes": {
    "X_train": [
      7328,
      90,
      6
    ],
    "X_test": [
      1743,
      90,
      6
    ],
    "y_train": [
      7328
    ],
    "y_test": [
      1743
    ]
  },
  "model_params": {
    "total_params": 51265,
    "trainable_params": 51265
  },
  "grid_search_combinations": 8,
  "training_epochs": 34,
  "trained_at": "2025-10-04T04:50:34.947572",
  "random_seed": 28112001
}