batch_size,dropout,n_layers,units,best_val_loss,epochs_trained,final_train_loss,final_val_loss
32,0.2,1,32,0.16304020583629608,86,0.14310882985591888,0.17191514372825623
32,0.2,1,64,0.12803810834884644,63,0.09644340723752975,0.1404043734073639
32,0.2,2,32,0.13700146973133087,87,0.13294826447963715,0.15114803612232208
32,0.2,2,64,0.1552828997373581,38,0.11075782775878906,0.16298390924930573
32,0.5,1,32,0.18100930750370026,75,0.24702470004558563,0.1963350623846054
32,0.5,1,64,0.18916118144989014,30,0.2089882642030716,0.2012534737586975
32,0.5,2,32,0.22463437914848328,81,0.33670496940612793,0.22466042637825012
32,0.5,2,64,0.20402544736862183,38,0.2467091828584671,0.2110089659690857
