{
  "config_name": "30n_1n",
  "model_type": "LSTM",
  "best_params": {
    "batch_size": 32,
    "dropout": 0.2,
    "n_layers": 1,
    "units": 64
  },
  "best_val_loss": 0.12803810834884644,
  "train_metrics": {
    "MAE": 0.09054417455951909,
    "MSE": 0.029366549882546604,
    "RMSE": 0.17136671171072462,
    "R2": 0.9155515356550332
  },
  "test_metrics": {
    "MAE": 0.36156551109986446,
    "MSE": 0.34821589836096717,
    "RMSE": 0.5900982107759413,
    "R2": -0.03526181898764347
  },
  "grid_summary": {
    "total_combinations": 8,
    "successful_combinations": 8,
    "best_val_loss": 0.12803810834884644,
    "worst_val_loss": 0.22463437914848328,
    "mean_val_loss": 0.17277412489056587,
    "std_val_loss": 0.03099227959176138,
    "val_loss_range": 0.09659627079963684,
    "avg_training_time": 0.0,
    "total_training_time": 0.0
  },
  "data_shapes": {
    "X_train": [
      7417,
      30,
      6
    ],
    "X_test": [
      1832,
      30,
      6
    ],
    "y_train": [
      7417
    ],
    "y_test": [
      1832
    ]
  },
  "model_params": {
    "total_params": 18241,
    "trainable_params": 18241
  },
  "grid_search_combinations": 8,
  "training_epochs": 56,
  "trained_at": "2025-10-03T23:50:51.176485",
  "random_seed": 28112001
}