batch_size,dropout,n_layers,units,best_val_loss,epochs_trained,final_train_loss,final_val_loss
32,0.2,1,32,0.21082669496536255,66,0.2836332619190216,0.21984121203422546
32,0.2,1,64,0.19791314005851746,49,0.22141410410404205,0.21865470707416534
32,0.2,2,32,0.1920332908630371,52,0.2756360173225403,0.20628853142261505
32,0.2,2,64,0.19861578941345215,29,0.2463013231754303,0.19935822486877441
32,0.5,1,32,0.2292645126581192,100,0.3891671895980835,0.22983188927173615
32,0.5,1,64,0.1819547414779663,100,0.28051653504371643,0.1888391226530075
32,0.5,2,32,0.24540375173091888,100,0.3788551688194275,0.25286000967025757
32,0.5,2,64,0.20416301488876343,57,0.31535977125167847,0.219140887260437
