{
  "config_name": "30n_30n",
  "model_type": "LSTM",
  "best_params": {
    "batch_size": 32,
    "dropout": 0.5,
    "n_layers": 1,
    "units": 64
  },
  "best_val_loss": 0.1819547414779663,
  "train_metrics": {
    "MAE": 0.1826056136844988,
    "MSE": 0.07301654269230737,
    "RMSE": 0.27021573361354695,
    "R2": 0.7900161821676919
  },
  "test_metrics": {
    "MAE": 0.3866613948868965,
    "MSE": 0.3070601261084178,
    "RMSE": 0.5541300624478136,
    "R2": 0.08525263469763356
  },
  "grid_summary": {
    "total_combinations": 8,
    "successful_combinations": 8,
    "best_val_loss": 0.1819547414779663,
    "worst_val_loss": 0.24540375173091888,
    "mean_val_loss": 0.20752186700701714,
    "std_val_loss": 0.019349429436001663,
    "val_loss_range": 0.06344901025295258,
    "avg_training_time": 0.0,
    "total_training_time": 0.0
  },
  "data_shapes": {
    "X_train": [
      7388,
      30,
      6
    ],
    "X_test": [
      1803,
      30,
      6
    ],
    "y_train": [
      7388
    ],
    "y_test": [
      1803
    ]
  },
  "model_params": {
    "total_params": 18241,
    "trainable_params": 18241
  },
  "grid_search_combinations": 8,
  "training_epochs": 50,
  "trained_at": "2025-10-04T01:10:55.687768",
  "random_seed": 28112001
}